Transaction_Date,Date_ID,Week_ID,Week_Desc,Month_ID,Month_Name,Quarter_ID,Quarter_Name,Year_ID,Week_Year
2017-01-01,20170101,1,Week 1,1,January,1,Q1,2017,Week 1-2017
2017-01-02,20170102,1,Week 1,1,January,1,Q1,2017,Week 1-2017
2017-01-03,20170103,1,Week 1,1,January,1,Q1,2017,Week 1-2017
2017-01-04,20170104,1,Week 1,1,January,1,Q1,2017,Week 1-2017
2017-01-05,20170105,1,Week 1,1,January,1,Q1,2017,Week 1-2017
2017-01-06,20170106,1,Week 1,1,January,1,Q1,2017,Week 1-2017
2017-01-07,20170107,1,Week 1,1,January,1,Q1,2017,Week 1-2017
2017-01-08,20170108,2,Week 2,1,January,1,Q1,2017,Week 2-2017
2017-01-09,20170109,2,Week 2,1,January,1,Q1,2017,Week 2-2017
2017-01-10,20170110,2,Week 2,1,January,1,Q1,2017,Week 2-2017
2017-01-11,20170111,2,Week 2,1,January,1,Q1,2017,Week 2-2017
2017-01-12,20170112,2,Week 2,1,January,1,Q1,2017,Week 2-2017
2017-01-13,20170113,2,Week 2,1,January,1,Q1,2017,Week 2-2017
2017-01-14,20170114,2,Week 2,1,January,1,Q1,2017,Week 2-2017
2017-01-15,20170115,3,Week 3,1,January,1,Q1,2017,Week 3-2017
2017-01-16,20170116,3,Week 3,1,January,1,Q1,2017,Week 3-2017
2017-01-17,20170117,3,Week 3,1,January,1,Q1,2017,Week 3-2017
2017-01-18,20170118,3,Week 3,1,January,1,Q1,2017,Week 3-2017
2017-01-19,20170119,3,Week 3,1,January,1,Q1,2017,Week 3-2017
2017-01-20,20170120,3,Week 3,1,January,1,Q1,2017,Week 3-2017
2017-01-21,20170121,3,Week 3,1,January,1,Q1,2017,Week 3-2017
2017-01-22,20170122,4,Week 4,1,January,1,Q1,2017,Week 4-2017
2017-01-23,20170123,4,Week 4,1,January,1,Q1,2017,Week 4-2017
2017-01-24,20170124,4,Week 4,1,January,1,Q1,2017,Week 4-2017
2017-01-25,20170125,4,Week 4,1,January,1,Q1,2017,Week 4-2017
2017-01-26,20170126,4,Week 4,1,January,1,Q1,2017,Week 4-2017
2017-01-27,20170127,4,Week 4,1,January,1,Q1,2017,Week 4-2017
2017-01-28,20170128,4,Week 4,1,January,1,Q1,2017,Week 4-2017
2017-01-29,20170129,5,Week 5,1,January,1,Q1,2017,Week 5-2017
2017-01-30,20170130,5,Week 5,1,January,1,Q1,2017,Week 5-2017
2017-01-31,20170131,5,Week 5,1,January,1,Q1,2017,Week 5-2017
2017-02-01,20170201,5,Week 5,2,February,1,Q1,2017,Week 5-2017
2017-02-02,20170202,5,Week 5,2,February,1,Q1,2017,Week 5-2017
2017-02-03,20170203,5,Week 5,2,February,1,Q1,2017,Week 5-2017
2017-02-04,20170204,5,Week 5,2,February,1,Q1,2017,Week 5-2017
2017-02-05,20170205,6,Week 6,2,February,1,Q1,2017,Week 6-2017
2017-02-06,20170206,6,Week 6,2,February,1,Q1,2017,Week 6-2017
2017-02-07,20170207,6,Week 6,2,February,1,Q1,2017,Week 6-2017
2017-02-08,20170208,6,Week 6,2,February,1,Q1,2017,Week 6-2017
2017-02-09,20170209,6,Week 6,2,February,1,Q1,2017,Week 6-2017
2017-02-10,20170210,6,Week 6,2,February,1,Q1,2017,Week 6-2017
2017-02-11,20170211,6,Week 6,2,February,1,Q1,2017,Week 6-2017
2017-02-12,20170212,7,Week 7,2,February,1,Q1,2017,Week 7-2017
2017-02-13,20170213,7,Week 7,2,February,1,Q1,2017,Week 7-2017
2017-02-14,20170214,7,Week 7,2,February,1,Q1,2017,Week 7-2017
2017-02-15,20170215,7,Week 7,2,February,1,Q1,2017,Week 7-2017
2017-02-16,20170216,7,Week 7,2,February,1,Q1,2017,Week 7-2017
2017-02-17,20170217,7,Week 7,2,February,1,Q1,2017,Week 7-2017
2017-02-18,20170218,7,Week 7,2,February,1,Q1,2017,Week 7-2017
2017-02-19,20170219,8,Week 8,2,February,1,Q1,2017,Week 8-2017
2017-02-20,20170220,8,Week 8,2,February,1,Q1,2017,Week 8-2017
2017-02-21,20170221,8,Week 8,2,February,1,Q1,2017,Week 8-2017
2017-02-22,20170222,8,Week 8,2,February,1,Q1,2017,Week 8-2017
2017-02-23,20170223,8,Week 8,2,February,1,Q1,2017,Week 8-2017
2017-02-24,20170224,8,Week 8,2,February,1,Q1,2017,Week 8-2017
2017-02-25,20170225,8,Week 8,2,February,1,Q1,2017,Week 8-2017
2017-02-26,20170226,9,Week 9,2,February,1,Q1,2017,Week 9-2017
2017-02-27,20170227,9,Week 9,2,February,1,Q1,2017,Week 9-2017
2017-02-28,20170228,9,Week 9,2,February,1,Q1,2017,Week 9-2017
2017-03-01,20170301,9,Week 9,3,March,1,Q1,2017,Week 9-2017
2017-03-02,20170302,9,Week 9,3,March,1,Q1,2017,Week 9-2017
2017-03-03,20170303,9,Week 9,3,March,1,Q1,2017,Week 9-2017
2017-03-04,20170304,9,Week 9,3,March,1,Q1,2017,Week 9-2017
2017-03-05,20170305,10,Week 10,3,March,1,Q1,2017,Week 10-2017
2017-03-06,20170306,10,Week 10,3,March,1,Q1,2017,Week 10-2017
2017-03-07,20170307,10,Week 10,3,March,1,Q1,2017,Week 10-2017
2017-03-08,20170308,10,Week 10,3,March,1,Q1,2017,Week 10-2017
2017-03-09,20170309,10,Week 10,3,March,1,Q1,2017,Week 10-2017
2017-03-10,20170310,10,Week 10,3,March,1,Q1,2017,Week 10-2017
2017-03-11,20170311,10,Week 10,3,March,1,Q1,2017,Week 10-2017
2017-03-12,20170312,11,Week 11,3,March,1,Q1,2017,Week 11-2017
2017-03-13,20170313,11,Week 11,3,March,1,Q1,2017,Week 11-2017
2017-03-14,20170314,11,Week 11,3,March,1,Q1,2017,Week 11-2017
2017-03-15,20170315,11,Week 11,3,March,1,Q1,2017,Week 11-2017
2017-03-16,20170316,11,Week 11,3,March,1,Q1,2017,Week 11-2017
2017-03-17,20170317,11,Week 11,3,March,1,Q1,2017,Week 11-2017
2017-03-18,20170318,11,Week 11,3,March,1,Q1,2017,Week 11-2017
2017-03-19,20170319,12,Week 12,3,March,1,Q1,2017,Week 12-2017
2017-03-20,20170320,12,Week 12,3,March,1,Q1,2017,Week 12-2017
2017-03-21,20170321,12,Week 12,3,March,1,Q1,2017,Week 12-2017
2017-03-22,20170322,12,Week 12,3,March,1,Q1,2017,Week 12-2017
2017-03-23,20170323,12,Week 12,3,March,1,Q1,2017,Week 12-2017
2017-03-24,20170324,12,Week 12,3,March,1,Q1,2017,Week 12-2017
2017-03-25,20170325,12,Week 12,3,March,1,Q1,2017,Week 12-2017
2017-03-26,20170326,13,Week 13,3,March,1,Q1,2017,Week 13-2017
2017-03-27,20170327,13,Week 13,3,March,1,Q1,2017,Week 13-2017
2017-03-28,20170328,13,Week 13,3,March,1,Q1,2017,Week 13-2017
2017-03-29,20170329,13,Week 13,3,March,1,Q1,2017,Week 13-2017
2017-03-30,20170330,13,Week 13,3,March,1,Q1,2017,Week 13-2017
2017-03-31,20170331,13,Week 13,3,March,1,Q1,2017,Week 13-2017
2017-04-01,20170401,13,Week 13,4,April,2,Q2,2017,Week 13-2017
2017-04-02,20170402,14,Week 14,4,April,2,Q2,2017,Week 14-2017
2017-04-03,20170403,14,Week 14,4,April,2,Q2,2017,Week 14-2017
2017-04-04,20170404,14,Week 14,4,April,2,Q2,2017,Week 14-2017
2017-04-05,20170405,14,Week 14,4,April,2,Q2,2017,Week 14-2017
2017-04-06,20170406,14,Week 14,4,April,2,Q2,2017,Week 14-2017
2017-04-07,20170407,14,Week 14,4,April,2,Q2,2017,Week 14-2017
2017-04-08,20170408,14,Week 14,4,April,2,Q2,2017,Week 14-2017
2017-04-09,20170409,15,Week 15,4,April,2,Q2,2017,Week 15-2017
2017-04-10,20170410,15,Week 15,4,April,2,Q2,2017,Week 15-2017
2017-04-11,20170411,15,Week 15,4,April,2,Q2,2017,Week 15-2017
2017-04-12,20170412,15,Week 15,4,April,2,Q2,2017,Week 15-2017
2017-04-13,20170413,15,Week 15,4,April,2,Q2,2017,Week 15-2017
2017-04-14,20170414,15,Week 15,4,April,2,Q2,2017,Week 15-2017
2017-04-15,20170415,15,Week 15,4,April,2,Q2,2017,Week 15-2017
2017-04-16,20170416,16,Week 16,4,April,2,Q2,2017,Week 16-2017
2017-04-17,20170417,16,Week 16,4,April,2,Q2,2017,Week 16-2017
2017-04-18,20170418,16,Week 16,4,April,2,Q2,2017,Week 16-2017
2017-04-19,20170419,16,Week 16,4,April,2,Q2,2017,Week 16-2017
2017-04-20,20170420,16,Week 16,4,April,2,Q2,2017,Week 16-2017
2017-04-21,20170421,16,Week 16,4,April,2,Q2,2017,Week 16-2017
2017-04-22,20170422,16,Week 16,4,April,2,Q2,2017,Week 16-2017
2017-04-23,20170423,17,Week 17,4,April,2,Q2,2017,Week 17-2017
2017-04-24,20170424,17,Week 17,4,April,2,Q2,2017,Week 17-2017
2017-04-25,20170425,17,Week 17,4,April,2,Q2,2017,Week 17-2017
2017-04-26,20170426,17,Week 17,4,April,2,Q2,2017,Week 17-2017
2017-04-27,20170427,17,Week 17,4,April,2,Q2,2017,Week 17-2017
2017-04-28,20170428,17,Week 17,4,April,2,Q2,2017,Week 17-2017
2017-04-29,20170429,17,Week 17,4,April,2,Q2,2017,Week 17-2017
2017-04-30,20170430,18,Week 18,4,April,2,Q2,2017,Week 18-2017
2017-05-01,20170501,18,Week 18,5,May,2,Q2,2017,Week 18-2017
2017-05-02,20170502,18,Week 18,5,May,2,Q2,2017,Week 18-2017
2017-05-03,20170503,18,Week 18,5,May,2,Q2,2017,Week 18-2017
2017-05-04,20170504,18,Week 18,5,May,2,Q2,2017,Week 18-2017
2017-05-05,20170505,18,Week 18,5,May,2,Q2,2017,Week 18-2017
2017-05-06,20170506,18,Week 18,5,May,2,Q2,2017,Week 18-2017
2017-05-07,20170507,19,Week 19,5,May,2,Q2,2017,Week 19-2017
2017-05-08,20170508,19,Week 19,5,May,2,Q2,2017,Week 19-2017
2017-05-09,20170509,19,Week 19,5,May,2,Q2,2017,Week 19-2017
2017-05-10,20170510,19,Week 19,5,May,2,Q2,2017,Week 19-2017
2017-05-11,20170511,19,Week 19,5,May,2,Q2,2017,Week 19-2017
2017-05-12,20170512,19,Week 19,5,May,2,Q2,2017,Week 19-2017
2017-05-13,20170513,19,Week 19,5,May,2,Q2,2017,Week 19-2017
2017-05-14,20170514,20,Week 20,5,May,2,Q2,2017,Week 20-2017
2017-05-15,20170515,20,Week 20,5,May,2,Q2,2017,Week 20-2017
2017-05-16,20170516,20,Week 20,5,May,2,Q2,2017,Week 20-2017
2017-05-17,20170517,20,Week 20,5,May,2,Q2,2017,Week 20-2017
2017-05-18,20170518,20,Week 20,5,May,2,Q2,2017,Week 20-2017
2017-05-19,20170519,20,Week 20,5,May,2,Q2,2017,Week 20-2017
2017-05-20,20170520,20,Week 20,5,May,2,Q2,2017,Week 20-2017
2017-05-21,20170521,21,Week 21,5,May,2,Q2,2017,Week 21-2017
2017-05-22,20170522,21,Week 21,5,May,2,Q2,2017,Week 21-2017
2017-05-23,20170523,21,Week 21,5,May,2,Q2,2017,Week 21-2017
2017-05-24,20170524,21,Week 21,5,May,2,Q2,2017,Week 21-2017
2017-05-25,20170525,21,Week 21,5,May,2,Q2,2017,Week 21-2017
2017-05-26,20170526,21,Week 21,5,May,2,Q2,2017,Week 21-2017
2017-05-27,20170527,21,Week 21,5,May,2,Q2,2017,Week 21-2017
2017-05-28,20170528,22,Week 22,5,May,2,Q2,2017,Week 22-2017
2017-05-29,20170529,22,Week 22,5,May,2,Q2,2017,Week 22-2017
2017-05-30,20170530,22,Week 22,5,May,2,Q2,2017,Week 22-2017
2017-05-31,20170531,22,Week 22,5,May,2,Q2,2017,Week 22-2017
2017-06-01,20170601,22,Week 22,6,June,2,Q2,2017,Week 22-2017
2017-06-02,20170602,22,Week 22,6,June,2,Q2,2017,Week 22-2017
2017-06-03,20170603,22,Week 22,6,June,2,Q2,2017,Week 22-2017
2017-06-04,20170604,23,Week 23,6,June,2,Q2,2017,Week 23-2017
2017-06-05,20170605,23,Week 23,6,June,2,Q2,2017,Week 23-2017
2017-06-06,20170606,23,Week 23,6,June,2,Q2,2017,Week 23-2017
2017-06-07,20170607,23,Week 23,6,June,2,Q2,2017,Week 23-2017
2017-06-08,20170608,23,Week 23,6,June,2,Q2,2017,Week 23-2017
2017-06-09,20170609,23,Week 23,6,June,2,Q2,2017,Week 23-2017
2017-06-10,20170610,23,Week 23,6,June,2,Q2,2017,Week 23-2017
2017-06-11,20170611,24,Week 24,6,June,2,Q2,2017,Week 24-2017
2017-06-12,20170612,24,Week 24,6,June,2,Q2,2017,Week 24-2017
2017-06-13,20170613,24,Week 24,6,June,2,Q2,2017,Week 24-2017
2017-06-14,20170614,24,Week 24,6,June,2,Q2,2017,Week 24-2017
2017-06-15,20170615,24,Week 24,6,June,2,Q2,2017,Week 24-2017
2017-06-16,20170616,24,Week 24,6,June,2,Q2,2017,Week 24-2017
2017-06-17,20170617,24,Week 24,6,June,2,Q2,2017,Week 24-2017
2017-06-18,20170618,25,Week 25,6,June,2,Q2,2017,Week 25-2017
2017-06-19,20170619,25,Week 25,6,June,2,Q2,2017,Week 25-2017
2017-06-20,20170620,25,Week 25,6,June,2,Q2,2017,Week 25-2017
2017-06-21,20170621,25,Week 25,6,June,2,Q2,2017,Week 25-2017
2017-06-22,20170622,25,Week 25,6,June,2,Q2,2017,Week 25-2017
2017-06-23,20170623,25,Week 25,6,June,2,Q2,2017,Week 25-2017
2017-06-24,20170624,25,Week 25,6,June,2,Q2,2017,Week 25-2017
2017-06-25,20170625,26,Week 26,6,June,2,Q2,2017,Week 26-2017
2017-06-26,20170626,26,Week 26,6,June,2,Q2,2017,Week 26-2017
2017-06-27,20170627,26,Week 26,6,June,2,Q2,2017,Week 26-2017
2017-06-28,20170628,26,Week 26,6,June,2,Q2,2017,Week 26-2017
2017-06-29,20170629,26,Week 26,6,June,2,Q2,2017,Week 26-2017
2017-06-30,20170630,26,Week 26,6,June,2,Q2,2017,Week 26-2017
2017-07-01,20170701,26,Week 26,7,July,3,Q3,2017,Week 26-2017
2017-07-02,20170702,27,Week 27,7,July,3,Q3,2017,Week 27-2017
2017-07-03,20170703,27,Week 27,7,July,3,Q3,2017,Week 27-2017
2017-07-04,20170704,27,Week 27,7,July,3,Q3,2017,Week 27-2017
2017-07-05,20170705,27,Week 27,7,July,3,Q3,2017,Week 27-2017
2017-07-06,20170706,27,Week 27,7,July,3,Q3,2017,Week 27-2017
2017-07-07,20170707,27,Week 27,7,July,3,Q3,2017,Week 27-2017
2017-07-08,20170708,27,Week 27,7,July,3,Q3,2017,Week 27-2017
2017-07-09,20170709,28,Week 28,7,July,3,Q3,2017,Week 28-2017
2017-07-10,20170710,28,Week 28,7,July,3,Q3,2017,Week 28-2017
2017-07-11,20170711,28,Week 28,7,July,3,Q3,2017,Week 28-2017
2017-07-12,20170712,28,Week 28,7,July,3,Q3,2017,Week 28-2017
2017-07-13,20170713,28,Week 28,7,July,3,Q3,2017,Week 28-2017
2017-07-14,20170714,28,Week 28,7,July,3,Q3,2017,Week 28-2017
2017-07-15,20170715,28,Week 28,7,July,3,Q3,2017,Week 28-2017
2017-07-16,20170716,29,Week 29,7,July,3,Q3,2017,Week 29-2017
2017-07-17,20170717,29,Week 29,7,July,3,Q3,2017,Week 29-2017
2017-07-18,20170718,29,Week 29,7,July,3,Q3,2017,Week 29-2017
2017-07-19,20170719,29,Week 29,7,July,3,Q3,2017,Week 29-2017
2017-07-20,20170720,29,Week 29,7,July,3,Q3,2017,Week 29-2017
2017-07-21,20170721,29,Week 29,7,July,3,Q3,2017,Week 29-2017
2017-07-22,20170722,29,Week 29,7,July,3,Q3,2017,Week 29-2017
2017-07-23,20170723,30,Week 30,7,July,3,Q3,2017,Week 30-2017
2017-07-24,20170724,30,Week 30,7,July,3,Q3,2017,Week 30-2017
2017-07-25,20170725,30,Week 30,7,July,3,Q3,2017,Week 30-2017
2017-07-26,20170726,30,Week 30,7,July,3,Q3,2017,Week 30-2017
2017-07-27,20170727,30,Week 30,7,July,3,Q3,2017,Week 30-2017
2017-07-28,20170728,30,Week 30,7,July,3,Q3,2017,Week 30-2017
2017-07-29,20170729,30,Week 30,7,July,3,Q3,2017,Week 30-2017
2017-07-30,20170730,31,Week 31,7,July,3,Q3,2017,Week 31-2017
2017-07-31,20170731,31,Week 31,7,July,3,Q3,2017,Week 31-2017
2017-08-01,20170801,31,Week 31,8,August,3,Q3,2017,Week 31-2017
2017-08-02,20170802,31,Week 31,8,August,3,Q3,2017,Week 31-2017
2017-08-03,20170803,31,Week 31,8,August,3,Q3,2017,Week 31-2017
2017-08-04,20170804,31,Week 31,8,August,3,Q3,2017,Week 31-2017
2017-08-05,20170805,31,Week 31,8,August,3,Q3,2017,Week 31-2017
2017-08-06,20170806,32,Week 32,8,August,3,Q3,2017,Week 32-2017
2017-08-07,20170807,32,Week 32,8,August,3,Q3,2017,Week 32-2017
2017-08-08,20170808,32,Week 32,8,August,3,Q3,2017,Week 32-2017
2017-08-09,20170809,32,Week 32,8,August,3,Q3,2017,Week 32-2017
2017-08-10,20170810,32,Week 32,8,August,3,Q3,2017,Week 32-2017
2017-08-11,20170811,32,Week 32,8,August,3,Q3,2017,Week 32-2017
2017-08-12,20170812,32,Week 32,8,August,3,Q3,2017,Week 32-2017
2017-08-13,20170813,33,Week 33,8,August,3,Q3,2017,Week 33-2017
2017-08-14,20170814,33,Week 33,8,August,3,Q3,2017,Week 33-2017
2017-08-15,20170815,33,Week 33,8,August,3,Q3,2017,Week 33-2017
2017-08-16,20170816,33,Week 33,8,August,3,Q3,2017,Week 33-2017
2017-08-17,20170817,33,Week 33,8,August,3,Q3,2017,Week 33-2017
2017-08-18,20170818,33,Week 33,8,August,3,Q3,2017,Week 33-2017
2017-08-19,20170819,33,Week 33,8,August,3,Q3,2017,Week 33-2017
2017-08-20,20170820,34,Week 34,8,August,3,Q3,2017,Week 34-2017
2017-08-21,20170821,34,Week 34,8,August,3,Q3,2017,Week 34-2017
2017-08-22,20170822,34,Week 34,8,August,3,Q3,2017,Week 34-2017
2017-08-23,20170823,34,Week 34,8,August,3,Q3,2017,Week 34-2017
2017-08-24,20170824,34,Week 34,8,August,3,Q3,2017,Week 34-2017
2017-08-25,20170825,34,Week 34,8,August,3,Q3,2017,Week 34-2017
2017-08-26,20170826,34,Week 34,8,August,3,Q3,2017,Week 34-2017
2017-08-27,20170827,35,Week 35,8,August,3,Q3,2017,Week 35-2017
2017-08-28,20170828,35,Week 35,8,August,3,Q3,2017,Week 35-2017
2017-08-29,20170829,35,Week 35,8,August,3,Q3,2017,Week 35-2017
2017-08-30,20170830,35,Week 35,8,August,3,Q3,2017,Week 35-2017
2017-08-31,20170831,35,Week 35,8,August,3,Q3,2017,Week 35-2017
2017-09-01,20170901,35,Week 35,9,September,3,Q3,2017,Week 35-2017
2017-09-02,20170902,35,Week 35,9,September,3,Q3,2017,Week 35-2017
2017-09-03,20170903,36,Week 36,9,September,3,Q3,2017,Week 36-2017
2017-09-04,20170904,36,Week 36,9,September,3,Q3,2017,Week 36-2017
2017-09-05,20170905,36,Week 36,9,September,3,Q3,2017,Week 36-2017
2017-09-06,20170906,36,Week 36,9,September,3,Q3,2017,Week 36-2017
2017-09-07,20170907,36,Week 36,9,September,3,Q3,2017,Week 36-2017
2017-09-08,20170908,36,Week 36,9,September,3,Q3,2017,Week 36-2017
2017-09-09,20170909,36,Week 36,9,September,3,Q3,2017,Week 36-2017
2017-09-10,20170910,37,Week 37,9,September,3,Q3,2017,Week 37-2017
2017-09-11,20170911,37,Week 37,9,September,3,Q3,2017,Week 37-2017
2017-09-12,20170912,37,Week 37,9,September,3,Q3,2017,Week 37-2017
2017-09-13,20170913,37,Week 37,9,September,3,Q3,2017,Week 37-2017
2017-09-14,20170914,37,Week 37,9,September,3,Q3,2017,Week 37-2017
2017-09-15,20170915,37,Week 37,9,September,3,Q3,2017,Week 37-2017
2017-09-16,20170916,37,Week 37,9,September,3,Q3,2017,Week 37-2017
2017-09-17,20170917,38,Week 38,9,September,3,Q3,2017,Week 38-2017
2017-09-18,20170918,38,Week 38,9,September,3,Q3,2017,Week 38-2017
2017-09-19,20170919,38,Week 38,9,September,3,Q3,2017,Week 38-2017
2017-09-20,20170920,38,Week 38,9,September,3,Q3,2017,Week 38-2017
2017-09-21,20170921,38,Week 38,9,September,3,Q3,2017,Week 38-2017
2017-09-22,20170922,38,Week 38,9,September,3,Q3,2017,Week 38-2017
2017-09-23,20170923,38,Week 38,9,September,3,Q3,2017,Week 38-2017
2017-09-24,20170924,39,Week 39,9,September,3,Q3,2017,Week 39-2017
2017-09-25,20170925,39,Week 39,9,September,3,Q3,2017,Week 39-2017
2017-09-26,20170926,39,Week 39,9,September,3,Q3,2017,Week 39-2017
2017-09-27,20170927,39,Week 39,9,September,3,Q3,2017,Week 39-2017
2017-09-28,20170928,39,Week 39,9,September,3,Q3,2017,Week 39-2017
2017-09-29,20170929,39,Week 39,9,September,3,Q3,2017,Week 39-2017
2017-09-30,20170930,39,Week 39,9,September,3,Q3,2017,Week 39-2017
2017-10-01,20171001,40,Week 40,10,October,4,Q4,2017,Week 40-2017
2017-10-02,20171002,40,Week 40,10,October,4,Q4,2017,Week 40-2017
2017-10-03,20171003,40,Week 40,10,October,4,Q4,2017,Week 40-2017
2017-10-04,20171004,40,Week 40,10,October,4,Q4,2017,Week 40-2017
2017-10-05,20171005,40,Week 40,10,October,4,Q4,2017,Week 40-2017
2017-10-06,20171006,40,Week 40,10,October,4,Q4,2017,Week 40-2017
2017-10-07,20171007,40,Week 40,10,October,4,Q4,2017,Week 40-2017
2017-10-08,20171008,41,Week 41,10,October,4,Q4,2017,Week 41-2017
2017-10-09,20171009,41,Week 41,10,October,4,Q4,2017,Week 41-2017
2017-10-10,20171010,41,Week 41,10,October,4,Q4,2017,Week 41-2017
2017-10-11,20171011,41,Week 41,10,October,4,Q4,2017,Week 41-2017
2017-10-12,20171012,41,Week 41,10,October,4,Q4,2017,Week 41-2017
2017-10-13,20171013,41,Week 41,10,October,4,Q4,2017,Week 41-2017
2017-10-14,20171014,41,Week 41,10,October,4,Q4,2017,Week 41-2017
2017-10-15,20171015,42,Week 42,10,October,4,Q4,2017,Week 42-2017
2017-10-16,20171016,42,Week 42,10,October,4,Q4,2017,Week 42-2017
2017-10-17,20171017,42,Week 42,10,October,4,Q4,2017,Week 42-2017
2017-10-18,20171018,42,Week 42,10,October,4,Q4,2017,Week 42-2017
2017-10-19,20171019,42,Week 42,10,October,4,Q4,2017,Week 42-2017
2017-10-20,20171020,42,Week 42,10,October,4,Q4,2017,Week 42-2017
2017-10-21,20171021,42,Week 42,10,October,4,Q4,2017,Week 42-2017
2017-10-22,20171022,43,Week 43,10,October,4,Q4,2017,Week 43-2017
2017-10-23,20171023,43,Week 43,10,October,4,Q4,2017,Week 43-2017
2017-10-24,20171024,43,Week 43,10,October,4,Q4,2017,Week 43-2017
2017-10-25,20171025,43,Week 43,10,October,4,Q4,2017,Week 43-2017
2017-10-26,20171026,43,Week 43,10,October,4,Q4,2017,Week 43-2017
2017-10-27,20171027,43,Week 43,10,October,4,Q4,2017,Week 43-2017
2017-10-28,20171028,43,Week 43,10,October,4,Q4,2017,Week 43-2017
2017-10-29,20171029,44,Week 44,10,October,4,Q4,2017,Week 44-2017
2017-10-30,20171030,44,Week 44,10,October,4,Q4,2017,Week 44-2017
2017-10-31,20171031,44,Week 44,10,October,4,Q4,2017,Week 44-2017
2017-11-01,20171101,44,Week 44,11,November,4,Q4,2017,Week 44-2017
2017-11-02,20171102,44,Week 44,11,November,4,Q4,2017,Week 44-2017
2017-11-03,20171103,44,Week 44,11,November,4,Q4,2017,Week 44-2017
2017-11-04,20171104,44,Week 44,11,November,4,Q4,2017,Week 44-2017
2017-11-05,20171105,45,Week 45,11,November,4,Q4,2017,Week 45-2017
2017-11-06,20171106,45,Week 45,11,November,4,Q4,2017,Week 45-2017
2017-11-07,20171107,45,Week 45,11,November,4,Q4,2017,Week 45-2017
2017-11-08,20171108,45,Week 45,11,November,4,Q4,2017,Week 45-2017
2017-11-09,20171109,45,Week 45,11,November,4,Q4,2017,Week 45-2017
2017-11-10,20171110,45,Week 45,11,November,4,Q4,2017,Week 45-2017
2017-11-11,20171111,45,Week 45,11,November,4,Q4,2017,Week 45-2017
2017-11-12,20171112,46,Week 46,11,November,4,Q4,2017,Week 46-2017
2017-11-13,20171113,46,Week 46,11,November,4,Q4,2017,Week 46-2017
2017-11-14,20171114,46,Week 46,11,November,4,Q4,2017,Week 46-2017
2017-11-15,20171115,46,Week 46,11,November,4,Q4,2017,Week 46-2017
2017-11-16,20171116,46,Week 46,11,November,4,Q4,2017,Week 46-2017
2017-11-17,20171117,46,Week 46,11,November,4,Q4,2017,Week 46-2017
2017-11-18,20171118,46,Week 46,11,November,4,Q4,2017,Week 46-2017
2017-11-19,20171119,47,Week 47,11,November,4,Q4,2017,Week 47-2017
2017-11-20,20171120,47,Week 47,11,November,4,Q4,2017,Week 47-2017
2017-11-21,20171121,47,Week 47,11,November,4,Q4,2017,Week 47-2017
2017-11-22,20171122,47,Week 47,11,November,4,Q4,2017,Week 47-2017
2017-11-23,20171123,47,Week 47,11,November,4,Q4,2017,Week 47-2017
2017-11-24,20171124,47,Week 47,11,November,4,Q4,2017,Week 47-2017
2017-11-25,20171125,47,Week 47,11,November,4,Q4,2017,Week 47-2017
2017-11-26,20171126,48,Week 48,11,November,4,Q4,2017,Week 48-2017
2017-11-27,20171127,48,Week 48,11,November,4,Q4,2017,Week 48-2017
2017-11-28,20171128,48,Week 48,11,November,4,Q4,2017,Week 48-2017
2017-11-29,20171129,48,Week 48,11,November,4,Q4,2017,Week 48-2017
2017-11-30,20171130,48,Week 48,11,November,4,Q4,2017,Week 48-2017
2017-12-01,20171201,48,Week 48,12,December,4,Q4,2017,Week 48-2017
2017-12-02,20171202,48,Week 48,12,December,4,Q4,2017,Week 48-2017
2017-12-03,20171203,49,Week 49,12,December,4,Q4,2017,Week 49-2017
2017-12-04,20171204,49,Week 49,12,December,4,Q4,2017,Week 49-2017
2017-12-05,20171205,49,Week 49,12,December,4,Q4,2017,Week 49-2017
2017-12-06,20171206,49,Week 49,12,December,4,Q4,2017,Week 49-2017
2017-12-07,20171207,49,Week 49,12,December,4,Q4,2017,Week 49-2017
2017-12-08,20171208,49,Week 49,12,December,4,Q4,2017,Week 49-2017
2017-12-09,20171209,49,Week 49,12,December,4,Q4,2017,Week 49-2017
2017-12-10,20171210,50,Week 50,12,December,4,Q4,2017,Week 50-2017
2017-12-11,20171211,50,Week 50,12,December,4,Q4,2017,Week 50-2017
2017-12-12,20171212,50,Week 50,12,December,4,Q4,2017,Week 50-2017
2017-12-13,20171213,50,Week 50,12,December,4,Q4,2017,Week 50-2017
2017-12-14,20171214,50,Week 50,12,December,4,Q4,2017,Week 50-2017
2017-12-15,20171215,50,Week 50,12,December,4,Q4,2017,Week 50-2017
2017-12-16,20171216,50,Week 50,12,December,4,Q4,2017,Week 50-2017
2017-12-17,20171217,51,Week 51,12,December,4,Q4,2017,Week 51-2017
2017-12-18,20171218,51,Week 51,12,December,4,Q4,2017,Week 51-2017
2017-12-19,20171219,51,Week 51,12,December,4,Q4,2017,Week 51-2017
2017-12-20,20171220,51,Week 51,12,December,4,Q4,2017,Week 51-2017
2017-12-21,20171221,51,Week 51,12,December,4,Q4,2017,Week 51-2017
2017-12-22,20171222,51,Week 51,12,December,4,Q4,2017,Week 51-2017
2017-12-23,20171223,51,Week 51,12,December,4,Q4,2017,Week 51-2017
2017-12-24,20171224,52,Week 52,12,December,4,Q4,2017,Week 52-2017
2017-12-25,20171225,52,Week 52,12,December,4,Q4,2017,Week 52-2017
2017-12-26,20171226,52,Week 52,12,December,4,Q4,2017,Week 52-2017
2017-12-27,20171227,52,Week 52,12,December,4,Q4,2017,Week 52-2017
2017-12-28,20171228,52,Week 52,12,December,4,Q4,2017,Week 52-2017
2017-12-29,20171229,52,Week 52,12,December,4,Q4,2017,Week 52-2017
2017-12-30,20171230,52,Week 52,12,December,4,Q4,2017,Week 52-2017
2017-12-31,20171231,53,Week 53,12,December,4,Q4,2017,Week 53-2017
2018-01-01,20180101,1,Week 1,1,January,1,Q1,2018,Week 1-2018
2018-01-02,20180102,1,Week 1,1,January,1,Q1,2018,Week 1-2018
2018-01-03,20180103,1,Week 1,1,January,1,Q1,2018,Week 1-2018
2018-01-04,20180104,1,Week 1,1,January,1,Q1,2018,Week 1-2018
2018-01-05,20180105,1,Week 1,1,January,1,Q1,2018,Week 1-2018
2018-01-06,20180106,1,Week 1,1,January,1,Q1,2018,Week 1-2018
2018-01-07,20180107,2,Week 2,1,January,1,Q1,2018,Week 2-2018
2018-01-08,20180108,2,Week 2,1,January,1,Q1,2018,Week 2-2018
2018-01-09,20180109,2,Week 2,1,January,1,Q1,2018,Week 2-2018
2018-01-10,20180110,2,Week 2,1,January,1,Q1,2018,Week 2-2018
2018-01-11,20180111,2,Week 2,1,January,1,Q1,2018,Week 2-2018
2018-01-12,20180112,2,Week 2,1,January,1,Q1,2018,Week 2-2018
2018-01-13,20180113,2,Week 2,1,January,1,Q1,2018,Week 2-2018
2018-01-14,20180114,3,Week 3,1,January,1,Q1,2018,Week 3-2018
2018-01-15,20180115,3,Week 3,1,January,1,Q1,2018,Week 3-2018
2018-01-16,20180116,3,Week 3,1,January,1,Q1,2018,Week 3-2018
2018-01-17,20180117,3,Week 3,1,January,1,Q1,2018,Week 3-2018
2018-01-18,20180118,3,Week 3,1,January,1,Q1,2018,Week 3-2018
2018-01-19,20180119,3,Week 3,1,January,1,Q1,2018,Week 3-2018
2018-01-20,20180120,3,Week 3,1,January,1,Q1,2018,Week 3-2018
2018-01-21,20180121,4,Week 4,1,January,1,Q1,2018,Week 4-2018
2018-01-22,20180122,4,Week 4,1,January,1,Q1,2018,Week 4-2018
2018-01-23,20180123,4,Week 4,1,January,1,Q1,2018,Week 4-2018
2018-01-24,20180124,4,Week 4,1,January,1,Q1,2018,Week 4-2018
2018-01-25,20180125,4,Week 4,1,January,1,Q1,2018,Week 4-2018
2018-01-26,20180126,4,Week 4,1,January,1,Q1,2018,Week 4-2018
2018-01-27,20180127,4,Week 4,1,January,1,Q1,2018,Week 4-2018
2018-01-28,20180128,5,Week 5,1,January,1,Q1,2018,Week 5-2018
2018-01-29,20180129,5,Week 5,1,January,1,Q1,2018,Week 5-2018
2018-01-30,20180130,5,Week 5,1,January,1,Q1,2018,Week 5-2018
2018-01-31,20180131,5,Week 5,1,January,1,Q1,2018,Week 5-2018
2018-02-01,20180201,5,Week 5,2,February,1,Q1,2018,Week 5-2018
2018-02-02,20180202,5,Week 5,2,February,1,Q1,2018,Week 5-2018
2018-02-03,20180203,5,Week 5,2,February,1,Q1,2018,Week 5-2018
2018-02-04,20180204,6,Week 6,2,February,1,Q1,2018,Week 6-2018
2018-02-05,20180205,6,Week 6,2,February,1,Q1,2018,Week 6-2018
2018-02-06,20180206,6,Week 6,2,February,1,Q1,2018,Week 6-2018
2018-02-07,20180207,6,Week 6,2,February,1,Q1,2018,Week 6-2018
2018-02-08,20180208,6,Week 6,2,February,1,Q1,2018,Week 6-2018
2018-02-09,20180209,6,Week 6,2,February,1,Q1,2018,Week 6-2018
2018-02-10,20180210,6,Week 6,2,February,1,Q1,2018,Week 6-2018
2018-02-11,20180211,7,Week 7,2,February,1,Q1,2018,Week 7-2018
2018-02-12,20180212,7,Week 7,2,February,1,Q1,2018,Week 7-2018
2018-02-13,20180213,7,Week 7,2,February,1,Q1,2018,Week 7-2018
2018-02-14,20180214,7,Week 7,2,February,1,Q1,2018,Week 7-2018
2018-02-15,20180215,7,Week 7,2,February,1,Q1,2018,Week 7-2018
2018-02-16,20180216,7,Week 7,2,February,1,Q1,2018,Week 7-2018
2018-02-17,20180217,7,Week 7,2,February,1,Q1,2018,Week 7-2018
2018-02-18,20180218,8,Week 8,2,February,1,Q1,2018,Week 8-2018
2018-02-19,20180219,8,Week 8,2,February,1,Q1,2018,Week 8-2018
2018-02-20,20180220,8,Week 8,2,February,1,Q1,2018,Week 8-2018
2018-02-21,20180221,8,Week 8,2,February,1,Q1,2018,Week 8-2018
2018-02-22,20180222,8,Week 8,2,February,1,Q1,2018,Week 8-2018
2018-02-23,20180223,8,Week 8,2,February,1,Q1,2018,Week 8-2018
2018-02-24,20180224,8,Week 8,2,February,1,Q1,2018,Week 8-2018
2018-02-25,20180225,9,Week 9,2,February,1,Q1,2018,Week 9-2018
2018-02-26,20180226,9,Week 9,2,February,1,Q1,2018,Week 9-2018
2018-02-27,20180227,9,Week 9,2,February,1,Q1,2018,Week 9-2018
2018-02-28,20180228,9,Week 9,2,February,1,Q1,2018,Week 9-2018
2018-03-01,20180301,9,Week 9,3,March,1,Q1,2018,Week 9-2018
2018-03-02,20180302,9,Week 9,3,March,1,Q1,2018,Week 9-2018
2018-03-03,20180303,9,Week 9,3,March,1,Q1,2018,Week 9-2018
2018-03-04,20180304,10,Week 10,3,March,1,Q1,2018,Week 10-2018
2018-03-05,20180305,10,Week 10,3,March,1,Q1,2018,Week 10-2018
2018-03-06,20180306,10,Week 10,3,March,1,Q1,2018,Week 10-2018
2018-03-07,20180307,10,Week 10,3,March,1,Q1,2018,Week 10-2018
2018-03-08,20180308,10,Week 10,3,March,1,Q1,2018,Week 10-2018
2018-03-09,20180309,10,Week 10,3,March,1,Q1,2018,Week 10-2018
2018-03-10,20180310,10,Week 10,3,March,1,Q1,2018,Week 10-2018
2018-03-11,20180311,11,Week 11,3,March,1,Q1,2018,Week 11-2018
2018-03-12,20180312,11,Week 11,3,March,1,Q1,2018,Week 11-2018
2018-03-13,20180313,11,Week 11,3,March,1,Q1,2018,Week 11-2018
2018-03-14,20180314,11,Week 11,3,March,1,Q1,2018,Week 11-2018
2018-03-15,20180315,11,Week 11,3,March,1,Q1,2018,Week 11-2018
2018-03-16,20180316,11,Week 11,3,March,1,Q1,2018,Week 11-2018
2018-03-17,20180317,11,Week 11,3,March,1,Q1,2018,Week 11-2018
2018-03-18,20180318,12,Week 12,3,March,1,Q1,2018,Week 12-2018
2018-03-19,20180319,12,Week 12,3,March,1,Q1,2018,Week 12-2018
2018-03-20,20180320,12,Week 12,3,March,1,Q1,2018,Week 12-2018
2018-03-21,20180321,12,Week 12,3,March,1,Q1,2018,Week 12-2018
2018-03-22,20180322,12,Week 12,3,March,1,Q1,2018,Week 12-2018
2018-03-23,20180323,12,Week 12,3,March,1,Q1,2018,Week 12-2018
2018-03-24,20180324,12,Week 12,3,March,1,Q1,2018,Week 12-2018
2018-03-25,20180325,13,Week 13,3,March,1,Q1,2018,Week 13-2018
2018-03-26,20180326,13,Week 13,3,March,1,Q1,2018,Week 13-2018
2018-03-27,20180327,13,Week 13,3,March,1,Q1,2018,Week 13-2018
2018-03-28,20180328,13,Week 13,3,March,1,Q1,2018,Week 13-2018
2018-03-29,20180329,13,Week 13,3,March,1,Q1,2018,Week 13-2018
2018-03-30,20180330,13,Week 13,3,March,1,Q1,2018,Week 13-2018
2018-03-31,20180331,13,Week 13,3,March,1,Q1,2018,Week 13-2018
2018-04-01,20180401,14,Week 14,4,April,2,Q2,2018,Week 14-2018
2018-04-02,20180402,14,Week 14,4,April,2,Q2,2018,Week 14-2018
2018-04-03,20180403,14,Week 14,4,April,2,Q2,2018,Week 14-2018
2018-04-04,20180404,14,Week 14,4,April,2,Q2,2018,Week 14-2018
2018-04-05,20180405,14,Week 14,4,April,2,Q2,2018,Week 14-2018
2018-04-06,20180406,14,Week 14,4,April,2,Q2,2018,Week 14-2018
2018-04-07,20180407,14,Week 14,4,April,2,Q2,2018,Week 14-2018
2018-04-08,20180408,15,Week 15,4,April,2,Q2,2018,Week 15-2018
2018-04-09,20180409,15,Week 15,4,April,2,Q2,2018,Week 15-2018
2018-04-10,20180410,15,Week 15,4,April,2,Q2,2018,Week 15-2018
2018-04-11,20180411,15,Week 15,4,April,2,Q2,2018,Week 15-2018
2018-04-12,20180412,15,Week 15,4,April,2,Q2,2018,Week 15-2018
2018-04-13,20180413,15,Week 15,4,April,2,Q2,2018,Week 15-2018
2018-04-14,20180414,15,Week 15,4,April,2,Q2,2018,Week 15-2018
2018-04-15,20180415,16,Week 16,4,April,2,Q2,2018,Week 16-2018
2018-04-16,20180416,16,Week 16,4,April,2,Q2,2018,Week 16-2018
2018-04-17,20180417,16,Week 16,4,April,2,Q2,2018,Week 16-2018
2018-04-18,20180418,16,Week 16,4,April,2,Q2,2018,Week 16-2018
2018-04-19,20180419,16,Week 16,4,April,2,Q2,2018,Week 16-2018
2018-04-20,20180420,16,Week 16,4,April,2,Q2,2018,Week 16-2018
2018-04-21,20180421,16,Week 16,4,April,2,Q2,2018,Week 16-2018
2018-04-22,20180422,17,Week 17,4,April,2,Q2,2018,Week 17-2018
2018-04-23,20180423,17,Week 17,4,April,2,Q2,2018,Week 17-2018
2018-04-24,20180424,17,Week 17,4,April,2,Q2,2018,Week 17-2018
2018-04-25,20180425,17,Week 17,4,April,2,Q2,2018,Week 17-2018
2018-04-26,20180426,17,Week 17,4,April,2,Q2,2018,Week 17-2018
2018-04-27,20180427,17,Week 17,4,April,2,Q2,2018,Week 17-2018
2018-04-28,20180428,17,Week 17,4,April,2,Q2,2018,Week 17-2018
2018-04-29,20180429,18,Week 18,4,April,2,Q2,2018,Week 18-2018
2018-04-30,20180430,18,Week 18,4,April,2,Q2,2018,Week 18-2018
2018-05-01,20180501,18,Week 18,5,May,2,Q2,2018,Week 18-2018
2018-05-02,20180502,18,Week 18,5,May,2,Q2,2018,Week 18-2018
2018-05-03,20180503,18,Week 18,5,May,2,Q2,2018,Week 18-2018
2018-05-04,20180504,18,Week 18,5,May,2,Q2,2018,Week 18-2018
2018-05-05,20180505,18,Week 18,5,May,2,Q2,2018,Week 18-2018
2018-05-06,20180506,19,Week 19,5,May,2,Q2,2018,Week 19-2018
2018-05-07,20180507,19,Week 19,5,May,2,Q2,2018,Week 19-2018
2018-05-08,20180508,19,Week 19,5,May,2,Q2,2018,Week 19-2018
2018-05-09,20180509,19,Week 19,5,May,2,Q2,2018,Week 19-2018
2018-05-10,20180510,19,Week 19,5,May,2,Q2,2018,Week 19-2018
2018-05-11,20180511,19,Week 19,5,May,2,Q2,2018,Week 19-2018
2018-05-12,20180512,19,Week 19,5,May,2,Q2,2018,Week 19-2018
2018-05-13,20180513,20,Week 20,5,May,2,Q2,2018,Week 20-2018
2018-05-14,20180514,20,Week 20,5,May,2,Q2,2018,Week 20-2018
2018-05-15,20180515,20,Week 20,5,May,2,Q2,2018,Week 20-2018
2018-05-16,20180516,20,Week 20,5,May,2,Q2,2018,Week 20-2018
2018-05-17,20180517,20,Week 20,5,May,2,Q2,2018,Week 20-2018
2018-05-18,20180518,20,Week 20,5,May,2,Q2,2018,Week 20-2018
2018-05-19,20180519,20,Week 20,5,May,2,Q2,2018,Week 20-2018
2018-05-20,20180520,21,Week 21,5,May,2,Q2,2018,Week 21-2018
2018-05-21,20180521,21,Week 21,5,May,2,Q2,2018,Week 21-2018
2018-05-22,20180522,21,Week 21,5,May,2,Q2,2018,Week 21-2018
2018-05-23,20180523,21,Week 21,5,May,2,Q2,2018,Week 21-2018
2018-05-24,20180524,21,Week 21,5,May,2,Q2,2018,Week 21-2018
2018-05-25,20180525,21,Week 21,5,May,2,Q2,2018,Week 21-2018
2018-05-26,20180526,21,Week 21,5,May,2,Q2,2018,Week 21-2018
2018-05-27,20180527,22,Week 22,5,May,2,Q2,2018,Week 22-2018
2018-05-28,20180528,22,Week 22,5,May,2,Q2,2018,Week 22-2018
2018-05-29,20180529,22,Week 22,5,May,2,Q2,2018,Week 22-2018
2018-05-30,20180530,22,Week 22,5,May,2,Q2,2018,Week 22-2018
2018-05-31,20180531,22,Week 22,5,May,2,Q2,2018,Week 22-2018
2018-06-01,20180601,22,Week 22,6,June,2,Q2,2018,Week 22-2018
2018-06-02,20180602,22,Week 22,6,June,2,Q2,2018,Week 22-2018
2018-06-03,20180603,23,Week 23,6,June,2,Q2,2018,Week 23-2018
2018-06-04,20180604,23,Week 23,6,June,2,Q2,2018,Week 23-2018
2018-06-05,20180605,23,Week 23,6,June,2,Q2,2018,Week 23-2018
2018-06-06,20180606,23,Week 23,6,June,2,Q2,2018,Week 23-2018
2018-06-07,20180607,23,Week 23,6,June,2,Q2,2018,Week 23-2018
2018-06-08,20180608,23,Week 23,6,June,2,Q2,2018,Week 23-2018
2018-06-09,20180609,23,Week 23,6,June,2,Q2,2018,Week 23-2018
2018-06-10,20180610,24,Week 24,6,June,2,Q2,2018,Week 24-2018
2018-06-11,20180611,24,Week 24,6,June,2,Q2,2018,Week 24-2018
2018-06-12,20180612,24,Week 24,6,June,2,Q2,2018,Week 24-2018
2018-06-13,20180613,24,Week 24,6,June,2,Q2,2018,Week 24-2018
2018-06-14,20180614,24,Week 24,6,June,2,Q2,2018,Week 24-2018
2018-06-15,20180615,24,Week 24,6,June,2,Q2,2018,Week 24-2018
2018-06-16,20180616,24,Week 24,6,June,2,Q2,2018,Week 24-2018
2018-06-17,20180617,25,Week 25,6,June,2,Q2,2018,Week 25-2018
2018-06-18,20180618,25,Week 25,6,June,2,Q2,2018,Week 25-2018
2018-06-19,20180619,25,Week 25,6,June,2,Q2,2018,Week 25-2018
2018-06-20,20180620,25,Week 25,6,June,2,Q2,2018,Week 25-2018
2018-06-21,20180621,25,Week 25,6,June,2,Q2,2018,Week 25-2018
2018-06-22,20180622,25,Week 25,6,June,2,Q2,2018,Week 25-2018
2018-06-23,20180623,25,Week 25,6,June,2,Q2,2018,Week 25-2018
2018-06-24,20180624,26,Week 26,6,June,2,Q2,2018,Week 26-2018
2018-06-25,20180625,26,Week 26,6,June,2,Q2,2018,Week 26-2018
2018-06-26,20180626,26,Week 26,6,June,2,Q2,2018,Week 26-2018
2018-06-27,20180627,26,Week 26,6,June,2,Q2,2018,Week 26-2018
2018-06-28,20180628,26,Week 26,6,June,2,Q2,2018,Week 26-2018
2018-06-29,20180629,26,Week 26,6,June,2,Q2,2018,Week 26-2018
2018-06-30,20180630,26,Week 26,6,June,2,Q2,2018,Week 26-2018
2018-07-01,20180701,27,Week 27,7,July,3,Q3,2018,Week 27-2018
2018-07-02,20180702,27,Week 27,7,July,3,Q3,2018,Week 27-2018
2018-07-03,20180703,27,Week 27,7,July,3,Q3,2018,Week 27-2018
2018-07-04,20180704,27,Week 27,7,July,3,Q3,2018,Week 27-2018
2018-07-05,20180705,27,Week 27,7,July,3,Q3,2018,Week 27-2018
2018-07-06,20180706,27,Week 27,7,July,3,Q3,2018,Week 27-2018
2018-07-07,20180707,27,Week 27,7,July,3,Q3,2018,Week 27-2018
2018-07-08,20180708,28,Week 28,7,July,3,Q3,2018,Week 28-2018
2018-07-09,20180709,28,Week 28,7,July,3,Q3,2018,Week 28-2018
2018-07-10,20180710,28,Week 28,7,July,3,Q3,2018,Week 28-2018
2018-07-11,20180711,28,Week 28,7,July,3,Q3,2018,Week 28-2018
2018-07-12,20180712,28,Week 28,7,July,3,Q3,2018,Week 28-2018
2018-07-13,20180713,28,Week 28,7,July,3,Q3,2018,Week 28-2018
2018-07-14,20180714,28,Week 28,7,July,3,Q3,2018,Week 28-2018
2018-07-15,20180715,29,Week 29,7,July,3,Q3,2018,Week 29-2018
2018-07-16,20180716,29,Week 29,7,July,3,Q3,2018,Week 29-2018
2018-07-17,20180717,29,Week 29,7,July,3,Q3,2018,Week 29-2018
2018-07-18,20180718,29,Week 29,7,July,3,Q3,2018,Week 29-2018
2018-07-19,20180719,29,Week 29,7,July,3,Q3,2018,Week 29-2018
2018-07-20,20180720,29,Week 29,7,July,3,Q3,2018,Week 29-2018
2018-07-21,20180721,29,Week 29,7,July,3,Q3,2018,Week 29-2018
2018-07-22,20180722,30,Week 30,7,July,3,Q3,2018,Week 30-2018
2018-07-23,20180723,30,Week 30,7,July,3,Q3,2018,Week 30-2018
2018-07-24,20180724,30,Week 30,7,July,3,Q3,2018,Week 30-2018
2018-07-25,20180725,30,Week 30,7,July,3,Q3,2018,Week 30-2018
2018-07-26,20180726,30,Week 30,7,July,3,Q3,2018,Week 30-2018
2018-07-27,20180727,30,Week 30,7,July,3,Q3,2018,Week 30-2018
2018-07-28,20180728,30,Week 30,7,July,3,Q3,2018,Week 30-2018
2018-07-29,20180729,31,Week 31,7,July,3,Q3,2018,Week 31-2018
2018-07-30,20180730,31,Week 31,7,July,3,Q3,2018,Week 31-2018
2018-07-31,20180731,31,Week 31,7,July,3,Q3,2018,Week 31-2018
2018-08-01,20180801,31,Week 31,8,August,3,Q3,2018,Week 31-2018
2018-08-02,20180802,31,Week 31,8,August,3,Q3,2018,Week 31-2018
2018-08-03,20180803,31,Week 31,8,August,3,Q3,2018,Week 31-2018
2018-08-04,20180804,31,Week 31,8,August,3,Q3,2018,Week 31-2018
2018-08-05,20180805,32,Week 32,8,August,3,Q3,2018,Week 32-2018
2018-08-06,20180806,32,Week 32,8,August,3,Q3,2018,Week 32-2018
2018-08-07,20180807,32,Week 32,8,August,3,Q3,2018,Week 32-2018
2018-08-08,20180808,32,Week 32,8,August,3,Q3,2018,Week 32-2018
2018-08-09,20180809,32,Week 32,8,August,3,Q3,2018,Week 32-2018
2018-08-10,20180810,32,Week 32,8,August,3,Q3,2018,Week 32-2018
2018-08-11,20180811,32,Week 32,8,August,3,Q3,2018,Week 32-2018
2018-08-12,20180812,33,Week 33,8,August,3,Q3,2018,Week 33-2018
2018-08-13,20180813,33,Week 33,8,August,3,Q3,2018,Week 33-2018
2018-08-14,20180814,33,Week 33,8,August,3,Q3,2018,Week 33-2018
2018-08-15,20180815,33,Week 33,8,August,3,Q3,2018,Week 33-2018
2018-08-16,20180816,33,Week 33,8,August,3,Q3,2018,Week 33-2018
2018-08-17,20180817,33,Week 33,8,August,3,Q3,2018,Week 33-2018
2018-08-18,20180818,33,Week 33,8,August,3,Q3,2018,Week 33-2018
2018-08-19,20180819,34,Week 34,8,August,3,Q3,2018,Week 34-2018
2018-08-20,20180820,34,Week 34,8,August,3,Q3,2018,Week 34-2018
2018-08-21,20180821,34,Week 34,8,August,3,Q3,2018,Week 34-2018
2018-08-22,20180822,34,Week 34,8,August,3,Q3,2018,Week 34-2018
2018-08-23,20180823,34,Week 34,8,August,3,Q3,2018,Week 34-2018
2018-08-24,20180824,34,Week 34,8,August,3,Q3,2018,Week 34-2018
2018-08-25,20180825,34,Week 34,8,August,3,Q3,2018,Week 34-2018
2018-08-26,20180826,35,Week 35,8,August,3,Q3,2018,Week 35-2018
2018-08-27,20180827,35,Week 35,8,August,3,Q3,2018,Week 35-2018
2018-08-28,20180828,35,Week 35,8,August,3,Q3,2018,Week 35-2018
2018-08-29,20180829,35,Week 35,8,August,3,Q3,2018,Week 35-2018
2018-08-30,20180830,35,Week 35,8,August,3,Q3,2018,Week 35-2018
2018-08-31,20180831,35,Week 35,8,August,3,Q3,2018,Week 35-2018
2018-09-01,20180901,35,Week 35,9,September,3,Q3,2018,Week 35-2018
2018-09-02,20180902,36,Week 36,9,September,3,Q3,2018,Week 36-2018
2018-09-03,20180903,36,Week 36,9,September,3,Q3,2018,Week 36-2018
2018-09-04,20180904,36,Week 36,9,September,3,Q3,2018,Week 36-2018
2018-09-05,20180905,36,Week 36,9,September,3,Q3,2018,Week 36-2018
2018-09-06,20180906,36,Week 36,9,September,3,Q3,2018,Week 36-2018
2018-09-07,20180907,36,Week 36,9,September,3,Q3,2018,Week 36-2018
2018-09-08,20180908,36,Week 36,9,September,3,Q3,2018,Week 36-2018
2018-09-09,20180909,37,Week 37,9,September,3,Q3,2018,Week 37-2018
2018-09-10,20180910,37,Week 37,9,September,3,Q3,2018,Week 37-2018
2018-09-11,20180911,37,Week 37,9,September,3,Q3,2018,Week 37-2018
2018-09-12,20180912,37,Week 37,9,September,3,Q3,2018,Week 37-2018
2018-09-13,20180913,37,Week 37,9,September,3,Q3,2018,Week 37-2018
2018-09-14,20180914,37,Week 37,9,September,3,Q3,2018,Week 37-2018
2018-09-15,20180915,37,Week 37,9,September,3,Q3,2018,Week 37-2018
2018-09-16,20180916,38,Week 38,9,September,3,Q3,2018,Week 38-2018
2018-09-17,20180917,38,Week 38,9,September,3,Q3,2018,Week 38-2018
2018-09-18,20180918,38,Week 38,9,September,3,Q3,2018,Week 38-2018
2018-09-19,20180919,38,Week 38,9,September,3,Q3,2018,Week 38-2018
2018-09-20,20180920,38,Week 38,9,September,3,Q3,2018,Week 38-2018
2018-09-21,20180921,38,Week 38,9,September,3,Q3,2018,Week 38-2018
2018-09-22,20180922,38,Week 38,9,September,3,Q3,2018,Week 38-2018
2018-09-23,20180923,39,Week 39,9,September,3,Q3,2018,Week 39-2018
2018-09-24,20180924,39,Week 39,9,September,3,Q3,2018,Week 39-2018
2018-09-25,20180925,39,Week 39,9,September,3,Q3,2018,Week 39-2018
2018-09-26,20180926,39,Week 39,9,September,3,Q3,2018,Week 39-2018
2018-09-27,20180927,39,Week 39,9,September,3,Q3,2018,Week 39-2018
2018-09-28,20180928,39,Week 39,9,September,3,Q3,2018,Week 39-2018
2018-09-29,20180929,39,Week 39,9,September,3,Q3,2018,Week 39-2018
2018-09-30,20180930,40,Week 40,9,September,3,Q3,2018,Week 40-2018
2018-10-01,20181001,40,Week 40,10,October,4,Q4,2018,Week 40-2018
2018-10-02,20181002,40,Week 40,10,October,4,Q4,2018,Week 40-2018
2018-10-03,20181003,40,Week 40,10,October,4,Q4,2018,Week 40-2018
2018-10-04,20181004,40,Week 40,10,October,4,Q4,2018,Week 40-2018
2018-10-05,20181005,40,Week 40,10,October,4,Q4,2018,Week 40-2018
2018-10-06,20181006,40,Week 40,10,October,4,Q4,2018,Week 40-2018
2018-10-07,20181007,41,Week 41,10,October,4,Q4,2018,Week 41-2018
2018-10-08,20181008,41,Week 41,10,October,4,Q4,2018,Week 41-2018
2018-10-09,20181009,41,Week 41,10,October,4,Q4,2018,Week 41-2018
2018-10-10,20181010,41,Week 41,10,October,4,Q4,2018,Week 41-2018
2018-10-11,20181011,41,Week 41,10,October,4,Q4,2018,Week 41-2018
2018-10-12,20181012,41,Week 41,10,October,4,Q4,2018,Week 41-2018
2018-10-13,20181013,41,Week 41,10,October,4,Q4,2018,Week 41-2018
2018-10-14,20181014,42,Week 42,10,October,4,Q4,2018,Week 42-2018
2018-10-15,20181015,42,Week 42,10,October,4,Q4,2018,Week 42-2018
2018-10-16,20181016,42,Week 42,10,October,4,Q4,2018,Week 42-2018
2018-10-17,20181017,42,Week 42,10,October,4,Q4,2018,Week 42-2018
2018-10-18,20181018,42,Week 42,10,October,4,Q4,2018,Week 42-2018
2018-10-19,20181019,42,Week 42,10,October,4,Q4,2018,Week 42-2018
2018-10-20,20181020,42,Week 42,10,October,4,Q4,2018,Week 42-2018
2018-10-21,20181021,43,Week 43,10,October,4,Q4,2018,Week 43-2018
2018-10-22,20181022,43,Week 43,10,October,4,Q4,2018,Week 43-2018
2018-10-23,20181023,43,Week 43,10,October,4,Q4,2018,Week 43-2018
2018-10-24,20181024,43,Week 43,10,October,4,Q4,2018,Week 43-2018
2018-10-25,20181025,43,Week 43,10,October,4,Q4,2018,Week 43-2018
2018-10-26,20181026,43,Week 43,10,October,4,Q4,2018,Week 43-2018
2018-10-27,20181027,43,Week 43,10,October,4,Q4,2018,Week 43-2018
2018-10-28,20181028,44,Week 44,10,October,4,Q4,2018,Week 44-2018
2018-10-29,20181029,44,Week 44,10,October,4,Q4,2018,Week 44-2018
2018-10-30,20181030,44,Week 44,10,October,4,Q4,2018,Week 44-2018
2018-10-31,20181031,44,Week 44,10,October,4,Q4,2018,Week 44-2018
2018-11-01,20181101,44,Week 44,11,November,4,Q4,2018,Week 44-2018
2018-11-02,20181102,44,Week 44,11,November,4,Q4,2018,Week 44-2018
2018-11-03,20181103,44,Week 44,11,November,4,Q4,2018,Week 44-2018
2018-11-04,20181104,45,Week 45,11,November,4,Q4,2018,Week 45-2018
2018-11-05,20181105,45,Week 45,11,November,4,Q4,2018,Week 45-2018
2018-11-06,20181106,45,Week 45,11,November,4,Q4,2018,Week 45-2018
2018-11-07,20181107,45,Week 45,11,November,4,Q4,2018,Week 45-2018
2018-11-08,20181108,45,Week 45,11,November,4,Q4,2018,Week 45-2018
2018-11-09,20181109,45,Week 45,11,November,4,Q4,2018,Week 45-2018
2018-11-10,20181110,45,Week 45,11,November,4,Q4,2018,Week 45-2018
2018-11-11,20181111,46,Week 46,11,November,4,Q4,2018,Week 46-2018
2018-11-12,20181112,46,Week 46,11,November,4,Q4,2018,Week 46-2018
2018-11-13,20181113,46,Week 46,11,November,4,Q4,2018,Week 46-2018
2018-11-14,20181114,46,Week 46,11,November,4,Q4,2018,Week 46-2018
2018-11-15,20181115,46,Week 46,11,November,4,Q4,2018,Week 46-2018
2018-11-16,20181116,46,Week 46,11,November,4,Q4,2018,Week 46-2018
2018-11-17,20181117,46,Week 46,11,November,4,Q4,2018,Week 46-2018
2018-11-18,20181118,47,Week 47,11,November,4,Q4,2018,Week 47-2018
2018-11-19,20181119,47,Week 47,11,November,4,Q4,2018,Week 47-2018
2018-11-20,20181120,47,Week 47,11,November,4,Q4,2018,Week 47-2018
2018-11-21,20181121,47,Week 47,11,November,4,Q4,2018,Week 47-2018
2018-11-22,20181122,47,Week 47,11,November,4,Q4,2018,Week 47-2018
2018-11-23,20181123,47,Week 47,11,November,4,Q4,2018,Week 47-2018
2018-11-24,20181124,47,Week 47,11,November,4,Q4,2018,Week 47-2018
2018-11-25,20181125,48,Week 48,11,November,4,Q4,2018,Week 48-2018
2018-11-26,20181126,48,Week 48,11,November,4,Q4,2018,Week 48-2018
2018-11-27,20181127,48,Week 48,11,November,4,Q4,2018,Week 48-2018
2018-11-28,20181128,48,Week 48,11,November,4,Q4,2018,Week 48-2018
2018-11-29,20181129,48,Week 48,11,November,4,Q4,2018,Week 48-2018
2018-11-30,20181130,48,Week 48,11,November,4,Q4,2018,Week 48-2018
2018-12-01,20181201,48,Week 48,12,December,4,Q4,2018,Week 48-2018
2018-12-02,20181202,49,Week 49,12,December,4,Q4,2018,Week 49-2018
2018-12-03,20181203,49,Week 49,12,December,4,Q4,2018,Week 49-2018
2018-12-04,20181204,49,Week 49,12,December,4,Q4,2018,Week 49-2018
2018-12-05,20181205,49,Week 49,12,December,4,Q4,2018,Week 49-2018
2018-12-06,20181206,49,Week 49,12,December,4,Q4,2018,Week 49-2018
2018-12-07,20181207,49,Week 49,12,December,4,Q4,2018,Week 49-2018
2018-12-08,20181208,49,Week 49,12,December,4,Q4,2018,Week 49-2018
2018-12-09,20181209,50,Week 50,12,December,4,Q4,2018,Week 50-2018
2018-12-10,20181210,50,Week 50,12,December,4,Q4,2018,Week 50-2018
2018-12-11,20181211,50,Week 50,12,December,4,Q4,2018,Week 50-2018
2018-12-12,20181212,50,Week 50,12,December,4,Q4,2018,Week 50-2018
2018-12-13,20181213,50,Week 50,12,December,4,Q4,2018,Week 50-2018
2018-12-14,20181214,50,Week 50,12,December,4,Q4,2018,Week 50-2018
2018-12-15,20181215,50,Week 50,12,December,4,Q4,2018,Week 50-2018
2018-12-16,20181216,51,Week 51,12,December,4,Q4,2018,Week 51-2018
2018-12-17,20181217,51,Week 51,12,December,4,Q4,2018,Week 51-2018
2018-12-18,20181218,51,Week 51,12,December,4,Q4,2018,Week 51-2018
2018-12-19,20181219,51,Week 51,12,December,4,Q4,2018,Week 51-2018
2018-12-20,20181220,51,Week 51,12,December,4,Q4,2018,Week 51-2018
2018-12-21,20181221,51,Week 51,12,December,4,Q4,2018,Week 51-2018
2018-12-22,20181222,51,Week 51,12,December,4,Q4,2018,Week 51-2018
2018-12-23,20181223,52,Week 52,12,December,4,Q4,2018,Week 52-2018
2018-12-24,20181224,52,Week 52,12,December,4,Q4,2018,Week 52-2018
2018-12-25,20181225,52,Week 52,12,December,4,Q4,2018,Week 52-2018
2018-12-26,20181226,52,Week 52,12,December,4,Q4,2018,Week 52-2018
2018-12-27,20181227,52,Week 52,12,December,4,Q4,2018,Week 52-2018
2018-12-28,20181228,52,Week 52,12,December,4,Q4,2018,Week 52-2018
2018-12-29,20181229,52,Week 52,12,December,4,Q4,2018,Week 52-2018
2018-12-30,20181230,53,Week 53,12,December,4,Q4,2018,Week 53-2018
2018-12-31,20181231,53,Week 53,12,December,4,Q4,2018,Week 53-2018
2019-01-01,20190101,1,Week 1,1,January,1,Q1,2019,Week 1-2019
2019-01-02,20190102,1,Week 1,1,January,1,Q1,2019,Week 1-2019
2019-01-03,20190103,1,Week 1,1,January,1,Q1,2019,Week 1-2019
2019-01-04,20190104,1,Week 1,1,January,1,Q1,2019,Week 1-2019
2019-01-05,20190105,1,Week 1,1,January,1,Q1,2019,Week 1-2019
2019-01-06,20190106,2,Week 2,1,January,1,Q1,2019,Week 2-2019
2019-01-07,20190107,2,Week 2,1,January,1,Q1,2019,Week 2-2019
2019-01-08,20190108,2,Week 2,1,January,1,Q1,2019,Week 2-2019
2019-01-09,20190109,2,Week 2,1,January,1,Q1,2019,Week 2-2019
2019-01-10,20190110,2,Week 2,1,January,1,Q1,2019,Week 2-2019
2019-01-11,20190111,2,Week 2,1,January,1,Q1,2019,Week 2-2019
2019-01-12,20190112,2,Week 2,1,January,1,Q1,2019,Week 2-2019
2019-01-13,20190113,3,Week 3,1,January,1,Q1,2019,Week 3-2019
2019-01-14,20190114,3,Week 3,1,January,1,Q1,2019,Week 3-2019
2019-01-15,20190115,3,Week 3,1,January,1,Q1,2019,Week 3-2019
2019-01-16,20190116,3,Week 3,1,January,1,Q1,2019,Week 3-2019
2019-01-17,20190117,3,Week 3,1,January,1,Q1,2019,Week 3-2019
2019-01-18,20190118,3,Week 3,1,January,1,Q1,2019,Week 3-2019
2019-01-19,20190119,3,Week 3,1,January,1,Q1,2019,Week 3-2019
2019-01-20,20190120,4,Week 4,1,January,1,Q1,2019,Week 4-2019
2019-01-21,20190121,4,Week 4,1,January,1,Q1,2019,Week 4-2019
2019-01-22,20190122,4,Week 4,1,January,1,Q1,2019,Week 4-2019
2019-01-23,20190123,4,Week 4,1,January,1,Q1,2019,Week 4-2019
2019-01-24,20190124,4,Week 4,1,January,1,Q1,2019,Week 4-2019
2019-01-25,20190125,4,Week 4,1,January,1,Q1,2019,Week 4-2019
2019-01-26,20190126,4,Week 4,1,January,1,Q1,2019,Week 4-2019
2019-01-27,20190127,5,Week 5,1,January,1,Q1,2019,Week 5-2019
2019-01-28,20190128,5,Week 5,1,January,1,Q1,2019,Week 5-2019
2019-01-29,20190129,5,Week 5,1,January,1,Q1,2019,Week 5-2019
2019-01-30,20190130,5,Week 5,1,January,1,Q1,2019,Week 5-2019
2019-01-31,20190131,5,Week 5,1,January,1,Q1,2019,Week 5-2019
2019-02-01,20190201,5,Week 5,2,February,1,Q1,2019,Week 5-2019
2019-02-02,20190202,5,Week 5,2,February,1,Q1,2019,Week 5-2019
2019-02-03,20190203,6,Week 6,2,February,1,Q1,2019,Week 6-2019
2019-02-04,20190204,6,Week 6,2,February,1,Q1,2019,Week 6-2019
2019-02-05,20190205,6,Week 6,2,February,1,Q1,2019,Week 6-2019
2019-02-06,20190206,6,Week 6,2,February,1,Q1,2019,Week 6-2019
2019-02-07,20190207,6,Week 6,2,February,1,Q1,2019,Week 6-2019
2019-02-08,20190208,6,Week 6,2,February,1,Q1,2019,Week 6-2019
2019-02-09,20190209,6,Week 6,2,February,1,Q1,2019,Week 6-2019
2019-02-10,20190210,7,Week 7,2,February,1,Q1,2019,Week 7-2019
2019-02-11,20190211,7,Week 7,2,February,1,Q1,2019,Week 7-2019
2019-02-12,20190212,7,Week 7,2,February,1,Q1,2019,Week 7-2019
2019-02-13,20190213,7,Week 7,2,February,1,Q1,2019,Week 7-2019
2019-02-14,20190214,7,Week 7,2,February,1,Q1,2019,Week 7-2019
2019-02-15,20190215,7,Week 7,2,February,1,Q1,2019,Week 7-2019
2019-02-16,20190216,7,Week 7,2,February,1,Q1,2019,Week 7-2019
2019-02-17,20190217,8,Week 8,2,February,1,Q1,2019,Week 8-2019
2019-02-18,20190218,8,Week 8,2,February,1,Q1,2019,Week 8-2019
2019-02-19,20190219,8,Week 8,2,February,1,Q1,2019,Week 8-2019
2019-02-20,20190220,8,Week 8,2,February,1,Q1,2019,Week 8-2019
2019-02-21,20190221,8,Week 8,2,February,1,Q1,2019,Week 8-2019
2019-02-22,20190222,8,Week 8,2,February,1,Q1,2019,Week 8-2019
2019-02-23,20190223,8,Week 8,2,February,1,Q1,2019,Week 8-2019
2019-02-24,20190224,9,Week 9,2,February,1,Q1,2019,Week 9-2019
2019-02-25,20190225,9,Week 9,2,February,1,Q1,2019,Week 9-2019
2019-02-26,20190226,9,Week 9,2,February,1,Q1,2019,Week 9-2019
2019-02-27,20190227,9,Week 9,2,February,1,Q1,2019,Week 9-2019
2019-02-28,20190228,9,Week 9,2,February,1,Q1,2019,Week 9-2019
2019-03-01,20190301,9,Week 9,3,March,1,Q1,2019,Week 9-2019
2019-03-02,20190302,9,Week 9,3,March,1,Q1,2019,Week 9-2019
2019-03-03,20190303,10,Week 10,3,March,1,Q1,2019,Week 10-2019
2019-03-04,20190304,10,Week 10,3,March,1,Q1,2019,Week 10-2019
2019-03-05,20190305,10,Week 10,3,March,1,Q1,2019,Week 10-2019
2019-03-06,20190306,10,Week 10,3,March,1,Q1,2019,Week 10-2019
2019-03-07,20190307,10,Week 10,3,March,1,Q1,2019,Week 10-2019
2019-03-08,20190308,10,Week 10,3,March,1,Q1,2019,Week 10-2019
2019-03-09,20190309,10,Week 10,3,March,1,Q1,2019,Week 10-2019
2019-03-10,20190310,11,Week 11,3,March,1,Q1,2019,Week 11-2019
2019-03-11,20190311,11,Week 11,3,March,1,Q1,2019,Week 11-2019
2019-03-12,20190312,11,Week 11,3,March,1,Q1,2019,Week 11-2019
2019-03-13,20190313,11,Week 11,3,March,1,Q1,2019,Week 11-2019
2019-03-14,20190314,11,Week 11,3,March,1,Q1,2019,Week 11-2019
2019-03-15,20190315,11,Week 11,3,March,1,Q1,2019,Week 11-2019
2019-03-16,20190316,11,Week 11,3,March,1,Q1,2019,Week 11-2019
2019-03-17,20190317,12,Week 12,3,March,1,Q1,2019,Week 12-2019
2019-03-18,20190318,12,Week 12,3,March,1,Q1,2019,Week 12-2019
2019-03-19,20190319,12,Week 12,3,March,1,Q1,2019,Week 12-2019
2019-03-20,20190320,12,Week 12,3,March,1,Q1,2019,Week 12-2019
2019-03-21,20190321,12,Week 12,3,March,1,Q1,2019,Week 12-2019
2019-03-22,20190322,12,Week 12,3,March,1,Q1,2019,Week 12-2019
2019-03-23,20190323,12,Week 12,3,March,1,Q1,2019,Week 12-2019
2019-03-24,20190324,13,Week 13,3,March,1,Q1,2019,Week 13-2019
2019-03-25,20190325,13,Week 13,3,March,1,Q1,2019,Week 13-2019
2019-03-26,20190326,13,Week 13,3,March,1,Q1,2019,Week 13-2019
2019-03-27,20190327,13,Week 13,3,March,1,Q1,2019,Week 13-2019
2019-03-28,20190328,13,Week 13,3,March,1,Q1,2019,Week 13-2019
2019-03-29,20190329,13,Week 13,3,March,1,Q1,2019,Week 13-2019
2019-03-30,20190330,13,Week 13,3,March,1,Q1,2019,Week 13-2019
2019-03-31,20190331,14,Week 14,3,March,1,Q1,2019,Week 14-2019
2019-04-01,20190401,14,Week 14,4,April,2,Q2,2019,Week 14-2019
2019-04-02,20190402,14,Week 14,4,April,2,Q2,2019,Week 14-2019
2019-04-03,20190403,14,Week 14,4,April,2,Q2,2019,Week 14-2019
2019-04-04,20190404,14,Week 14,4,April,2,Q2,2019,Week 14-2019
2019-04-05,20190405,14,Week 14,4,April,2,Q2,2019,Week 14-2019
2019-04-06,20190406,14,Week 14,4,April,2,Q2,2019,Week 14-2019
2019-04-07,20190407,15,Week 15,4,April,2,Q2,2019,Week 15-2019
2019-04-08,20190408,15,Week 15,4,April,2,Q2,2019,Week 15-2019
2019-04-09,20190409,15,Week 15,4,April,2,Q2,2019,Week 15-2019
2019-04-10,20190410,15,Week 15,4,April,2,Q2,2019,Week 15-2019
2019-04-11,20190411,15,Week 15,4,April,2,Q2,2019,Week 15-2019
2019-04-12,20190412,15,Week 15,4,April,2,Q2,2019,Week 15-2019
2019-04-13,20190413,15,Week 15,4,April,2,Q2,2019,Week 15-2019
2019-04-14,20190414,16,Week 16,4,April,2,Q2,2019,Week 16-2019
2019-04-15,20190415,16,Week 16,4,April,2,Q2,2019,Week 16-2019
2019-04-16,20190416,16,Week 16,4,April,2,Q2,2019,Week 16-2019
2019-04-17,20190417,16,Week 16,4,April,2,Q2,2019,Week 16-2019
2019-04-18,20190418,16,Week 16,4,April,2,Q2,2019,Week 16-2019
2019-04-19,20190419,16,Week 16,4,April,2,Q2,2019,Week 16-2019
2019-04-20,20190420,16,Week 16,4,April,2,Q2,2019,Week 16-2019
2019-04-21,20190421,17,Week 17,4,April,2,Q2,2019,Week 17-2019
2019-04-22,20190422,17,Week 17,4,April,2,Q2,2019,Week 17-2019
2019-04-23,20190423,17,Week 17,4,April,2,Q2,2019,Week 17-2019
2019-04-24,20190424,17,Week 17,4,April,2,Q2,2019,Week 17-2019
2019-04-25,20190425,17,Week 17,4,April,2,Q2,2019,Week 17-2019
2019-04-26,20190426,17,Week 17,4,April,2,Q2,2019,Week 17-2019
2019-04-27,20190427,17,Week 17,4,April,2,Q2,2019,Week 17-2019
2019-04-28,20190428,18,Week 18,4,April,2,Q2,2019,Week 18-2019
2019-04-29,20190429,18,Week 18,4,April,2,Q2,2019,Week 18-2019
2019-04-30,20190430,18,Week 18,4,April,2,Q2,2019,Week 18-2019
